{
    "T_base_end": [
        [
            0.9957633536885988,
            0.09195287405500771,
            0.00011137261025106346,
            0.254641
        ],
        [
            0.09195288087601994,
            -0.9957633576126603,
            -5.774566349484317e-05,
            -0.00171508
        ],
        [
            0.00010559088460712098,
            6.774204790586576e-05,
            -0.9999999921307898,
            0.174955
        ],
        [
            0.0,
            0.0,
            0.0,
            1.0
        ]
    ],
    "gripper_dist": 0.0422838
}