{
    "T_base_end": [
        [
            0.9897077267345077,
            0.1431034999057084,
            6.290270189749091e-05,
            0.26081
        ],
        [
            0.14310350365897076,
            -0.9897077263805989,
            -5.985877010580682e-05,
            -0.000956585
        ],
        [
            5.3689290575970167e-05,
            6.824428431768831e-05,
            -0.9999999962300887,
            0.176071
        ],
        [
            0.0,
            0.0,
            0.0,
            1.0
        ]
    ],
    "gripper_dist": 0.0420765
}