{
    "T_base_end": [
        [
            0.9897155706713905,
            0.14304616925261823,
            0.0009394853672002395,
            0.260692
        ],
        [
            0.14304647752676944,
            -0.9897159354008829,
            -0.00026922246961747675,
            -0.00107833
        ],
        [
            0.000891312396038518,
            0.0004008437426209599,
            -0.9999995224431388,
            0.212589
        ],
        [
            0.0,
            0.0,
            0.0,
            1.0
        ]
    ],
    "T_cam_model": [
        [
            0.05570050701498985,
            -0.9556355476379395,
            0.28923723101615906,
            0.02991797775030136
        ],
        [
            -0.9984460473060608,
            -0.05380895733833313,
            0.01449398323893547,
            -0.0005348976701498032
        ],
        [
            0.0017125874292105436,
            -0.2895950973033905,
            -0.9571477174758911,
            0.14831389486789703
        ],
        [
            0.0,
            0.0,
            0.0,
            1.0
        ]
    ],
    "gripper_dist": 0.0689876
}