{
    "T_base_end": [
        [
            0.9957668817639247,
            0.09191108176636763,
            0.0008186761790534054,
            0.254487
        ],
        [
            0.09191129950480999,
            -0.9957671710968934,
            -0.0002323553909714532,
            -0.00192746
        ],
        [
            0.0007938548275219895,
            0.0003066173946191125,
            -0.9999996378900775,
            0.197356
        ],
        [
            0.0,
            0.0,
            0.0,
            1.0
        ]
    ],
    "gripper_dist": 0.0689709,
    "obj_pose_2d": [
        0.24173145035833318,
        -0.002185209858993178,
        -1.543631672859192
    ]
}