{
    "T_base_end": [
        [
            0.9957035764751817,
            0.09252529379224683,
            0.0036684878615560325,
            0.321644
        ],
        [
            0.09253115082615496,
            -0.9957087197213865,
            -0.0014599991729114066,
            -0.00305291
        ],
        [
            0.0035176584995333386,
            0.0017931758017402546,
            -0.9999922052692336,
            0.26204
        ],
        [
            0.0,
            0.0,
            0.0,
            1.0
        ]
    ],
    "gripper_dist": 0.0689541,
    "obj_pose_2d": [
        0.3624127748381223,
        0.014477660331491402,
        -1.5386130809783936
    ]
}