{
    "T_base_end": [
        [
            0.99572507773715,
            0.09219253543903536,
            0.005666213433042229,
            0.297035
        ],
        [
            0.09219759157802926,
            -0.9957405275272855,
            -0.0006371396190489602,
            -0.00239908
        ],
        [
            0.005583338835990876,
            0.0011568271286005146,
            -0.9999837439070884,
            0.198012
        ],
        [
            0.0,
            0.0,
            0.0,
            1.0
        ]
    ],
    "gripper_dist": 0.0689541,
    "obj_pose_2d": [
        0.499400914353488,
        0.018487862023038266,
        -1.5443110466003418
    ]
}