{
    "T_base_end": [
        [
            0.9957648768833761,
            0.0919240853310444,
            0.0015074818359676913,
            0.256115
        ],
        [
            0.09192580504975043,
            -0.9957652360064142,
            -0.0011140588156045032,
            -0.00281962
        ],
        [
            0.001398689168538321,
            0.001247917120730464,
            -0.9999982431841912,
            0.261534
        ],
        [
            0.0,
            0.0,
            0.0,
            1.0
        ]
    ],
    "gripper_dist": 0.0689709,
    "obj_pose_2d": [
        0.07821874123436483,
        -0.00649486394153157,
        -1.5340319871902466
    ]
}