{
    "QuaternionFormat": "qw,qx,qy,qz",
    "T_armend_cam": {
        "t": [
            0.07100357857548896,
            -0.005259962521408455,
            0.07614698963360628
        ],
        "q": [
            0.013135442646968169,
            -0.14682570501611714,
            0.0005962760760633845,
            0.9890749804478067
        ],
        "R": [
            [
                -0.9565393449859814,
                -0.026158972668951237,
                -0.2904275979357056
            ],
            [
                0.025808778047942058,
                -0.9996542092026189,
                0.005036764751228134
            ],
            [
                -0.2904589273365018,
                -0.0026777177581312154,
                0.9568837136027228
            ]
        ]
    }
}