{
    "width": 0.015,
    "thickness": 0.005,
    "T_cam_gripper": [
        [
            -0.002192537533119321,
            0.9610772132873535,
            -0.27627116441726685,
            0.038976386189460754
        ],
        [
            -0.9998681545257568,
            0.002338594989851117,
            0.01607051119208336,
            0.0004726564802695066
        ],
        [
            0.016091087833046913,
            0.27626997232437134,
            0.9609453678131104,
            0.12022385746240616
        ],
        [
            0.0,
            0.0,
            0.0,
            1.0
        ]
    ]
}