{
    "QuaternionFormat": "qw,qx,qy,qz",
    "T_armend_cam": {
        "t": [
            0.07055647873778687,
            -0.005003012004658356,
            0.0747268467838991
        ],
        "q": [
            0.011181963789696615,
            -0.1498425773908699,
            0.005798902885723933,
            0.9886296265093355
        ],
        "R": [
            [
                -0.9548443313733177,
                -0.02384748647896899,
                -0.29614793639807857
            ],
            [
                0.020371796261224637,
                -0.9996826728222561,
                0.014817002937233537
            ],
            [
                -0.29640730888644384,
                0.008114865839075324,
                0.9550271494523643
            ]
        ]
    }
}